{"assets/fonts/paytone/.ttf":["assets/fonts/paytone/.ttf"],"assets/fonts/paytone/OFL.txt":["assets/fonts/paytone/OFL.txt"],"assets/fonts/paytone/PaytoneOne-Regular.ttf":["assets/fonts/paytone/PaytoneOne-Regular.ttf"],"assets/fonts/roboto/LICENSE.txt":["assets/fonts/roboto/LICENSE.txt"],"assets/fonts/roboto/Roboto-Black.ttf":["assets/fonts/roboto/Roboto-Black.ttf"],"assets/fonts/roboto/Roboto-BlackItalic.ttf":["assets/fonts/roboto/Roboto-BlackItalic.ttf"],"assets/fonts/roboto/Roboto-Bold.ttf":["assets/fonts/roboto/Roboto-Bold.ttf"],"assets/fonts/roboto/Roboto-BoldItalic.ttf":["assets/fonts/roboto/Roboto-BoldItalic.ttf"],"assets/fonts/roboto/Roboto-Italic.ttf":["assets/fonts/roboto/Roboto-Italic.ttf"],"assets/fonts/roboto/Roboto-Light.ttf":["assets/fonts/roboto/Roboto-Light.ttf"],"assets/fonts/roboto/Roboto-LightItalic.ttf":["assets/fonts/roboto/Roboto-LightItalic.ttf"],"assets/fonts/roboto/Roboto-Medium.ttf":["assets/fonts/roboto/Roboto-Medium.ttf"],"assets/fonts/roboto/Roboto-MediumItalic.ttf":["assets/fonts/roboto/Roboto-MediumItalic.ttf"],"assets/fonts/roboto/Roboto-Regular.ttf":["assets/fonts/roboto/Roboto-Regular.ttf"],"assets/fonts/roboto/Roboto-Thin.ttf":["assets/fonts/roboto/Roboto-Thin.ttf"],"assets/fonts/roboto/Roboto-ThinItalic.ttf":["assets/fonts/roboto/Roboto-ThinItalic.ttf"],"packages/fluentui_system_icons/fonts/FluentSystemIcons-Filled.ttf":["packages/fluentui_system_icons/fonts/FluentSystemIcons-Filled.ttf"],"packages/fluentui_system_icons/fonts/FluentSystemIcons-Regular.ttf":["packages/fluentui_system_icons/fonts/FluentSystemIcons-Regular.ttf"]}